[["2025-01-01", "ORY", "MUC", {"VALID": true, "PRICE": "120.21"}], ["2025-01-02", "MUC", "LIS", {"VALID": true, "PRICE": "111.46"}], ["2025-01-03", "LIS", "MAD", {"VALID": true, "PRICE": "57.79"}], ["2025-01-02", "MUC", "MAD", {"VALID": true, "PRICE": "94.64"}], ["2025-01-03", "MAD", "LIS", {"VALID": true, "PRICE": "40.80"}], ["2025-01-01", "ORY", "LIS", {"VALID": true, "PRICE": "109.21"}], ["2025-01-02", "LIS", "MUC", {"VALID": true, "PRICE": "82.61"}], ["2025-01-03", "MUC", "MAD", {"VALID": true, "PRICE": "94.64"}], ["2025-01-02", "LIS", "MAD", {"VALID": true, "PRICE": "44.79"}], ["2025-01-03", "MAD", "MUC", {"VALID": true, "PRICE": "77.80"}], ["2025-01-01", "ORY", "MAD", {"VALID": true, "PRICE": "75.39"}], ["2025-01-02", "MAD", "MUC", {"VALID": true, "PRICE": "77.80"}], ["2025-01-03", "MUC", "LIS", {"VALID": true, "PRICE": "111.46"}], ["2025-01-02", "MAD", "LIS", {"VALID": true, "PRICE": "40.80"}], ["2025-01-03", "LIS", "MUC", {"VALID": true, "PRICE": "99.61"}], ["2025-01-03", "MUC", "ORY", {"VALID": true, "PRICE": "167.46"}], ["2025-01-03", "LIS", "ORY", {"VALID": true, "PRICE": "125.79"}], ["2025-01-03", "MAD", "ORY", {"VALID": true, "PRICE": "100.80"}]]