[["2025-01-01", "GRU", "YXU", {"VALID": true, "PRICE": "508.96"}], ["2025-01-02", "YXU", "NYC", {"VALID": true, "PRICE": "388.69"}], ["2025-01-03", "NYC", "BOS", {"VALID": true, "PRICE": "52.03"}], ["2025-01-02", "YXU", "BOS", {"VALID": true, "PRICE": "391.84"}], ["2025-01-03", "BOS", "NYC", {"VALID": true, "PRICE": "52.03"}], ["2025-01-01", "GRU", "NYC", {"VALID": true, "PRICE": "491.50"}], ["2025-01-02", "NYC", "YXU", {"VALID": true, "PRICE": "471.12"}], ["2025-01-03", "YXU", "BOS", {"VALID": true, "PRICE": "325.69"}], ["2025-01-02", "NYC", "BOS", {"VALID": true, "PRICE": "52.03"}], ["2025-01-03", "BOS", "YXU", {"VALID": true, "PRICE": "386.12"}], ["2025-01-01", "GRU", "BOS", {"VALID": true, "PRICE": "513.22"}], ["2025-01-02", "BOS", "YXU", {"VALID": true, "PRICE": "475.12"}], ["2025-01-03", "YXU", "NYC", {"VALID": true, "PRICE": "323.59"}], ["2025-01-02", "BOS", "NYC", {"VALID": true, "PRICE": "52.03"}], ["2025-01-03", "NYC", "YXU", {"VALID": true, "PRICE": "383.12"}], ["2025-01-03", "YXU", "GRU", {"VALID": true, "PRICE": "477.59"}], ["2025-01-03", "NYC", "GRU", {"VALID": true, "PRICE": "533.85"}], ["2025-01-03", "BOS", "GRU", {"VALID": true, "PRICE": "535.85"}]]