[["2025-01-01", "GRU", "MUC", {"VALID": true, "PRICE": "657.75"}], ["2025-01-02", "MUC", "ORY", {"VALID": true, "PRICE": "147.46"}], ["2025-01-03", "ORY", "IST", {"VALID": true, "PRICE": "138.04"}], ["2025-01-02", "MUC", "IST", {"VALID": true, "PRICE": "72.61"}], ["2025-01-03", "IST", "ORY", {"VALID": true, "PRICE": "143.27"}], ["2025-01-01", "GRU", "ORY", {"VALID": true, "PRICE": "657.75"}], ["2025-01-02", "ORY", "MUC", {"VALID": true, "PRICE": "120.21"}], ["2025-01-03", "MUC", "IST", {"VALID": true, "PRICE": "72.61"}], ["2025-01-02", "ORY", "IST", {"VALID": true, "PRICE": "138.04"}], ["2025-01-03", "IST", "MUC", {"VALID": true, "PRICE": "75.12"}], ["2025-01-01", "GRU", "IST", {"VALID": true, "PRICE": "787.39"}], ["2025-01-02", "IST", "MUC", {"VALID": true, "PRICE": "75.12"}], ["2025-01-03", "MUC", "ORY", {"VALID": true, "PRICE": "167.46"}], ["2025-01-02", "IST", "ORY", {"VALID": true, "PRICE": "143.27"}], ["2025-01-03", "ORY", "MUC", {"VALID": true, "PRICE": "120.21"}], ["2025-01-03", "MUC", "GRU", {"VALID": true, "PRICE": "591.23"}], ["2025-01-03", "ORY", "GRU", {"VALID": true, "PRICE": "521.60"}], ["2025-01-03", "IST", "GRU", {"VALID": true, "PRICE": "487.81"}]]