[["2025-01-01", "GIG", "CUN", {"VALID": true, "PRICE": "379.57"}], ["2025-01-02", "CUN", "NYC", {"VALID": true, "PRICE": "203.88"}], ["2025-01-03", "NYC", "SFO", {"VALID": true, "PRICE": "84.74"}], ["2025-01-04", "SFO", "LAS", {"VALID": true, "PRICE": "42.35"}], ["2025-01-03", "NYC", "LAS", {"VALID": true, "PRICE": "84.74"}], ["2025-01-04", "LAS", "SFO", {"VALID": true, "PRICE": "42.35"}], ["2025-01-02", "CUN", "SFO", {"VALID": true, "PRICE": "244.31"}], ["2025-01-03", "SFO", "NYC", {"VALID": true, "PRICE": "84.74"}], ["2025-01-04", "NYC", "LAS", {"VALID": true, "PRICE": "97.18"}], ["2025-01-03", "SFO", "LAS", {"VALID": true, "PRICE": "67.08"}], ["2025-01-04", "LAS", "NYC", {"VALID": true, "PRICE": "84.74"}], ["2025-01-02", "CUN", "LAS", {"VALID": true, "PRICE": "244.31"}], ["2025-01-03", "LAS", "NYC", {"VALID": true, "PRICE": "84.74"}], ["2025-01-04", "NYC", "SFO", {"VALID": true, "PRICE": "84.74"}], ["2025-01-03", "LAS", "SFO", {"VALID": true, "PRICE": "67.08"}], ["2025-01-04", "SFO", "NYC", {"VALID": true, "PRICE": "84.74"}], ["2025-01-01", "GIG", "NYC", {"VALID": true, "PRICE": "528.48"}], ["2025-01-02", "NYC", "CUN", {"VALID": true, "PRICE": "135.75"}], ["2025-01-03", "CUN", "SFO", {"VALID": true, "PRICE": "244.31"}], ["2025-01-04", "SFO", "LAS", {"VALID": true, "PRICE": "42.35"}], ["2025-01-03", "CUN", "LAS", {"VALID": true, "PRICE": "214.28"}], ["2025-01-04", "LAS", "SFO", {"VALID": true, "PRICE": "42.35"}], ["2025-01-02", "NYC", "SFO", {"VALID": true, "PRICE": "142.79"}], ["2025-01-03", "SFO", "CUN", {"VALID": true, "PRICE": "204.46"}], ["2025-01-04", "CUN", "LAS", {"VALID": true, "PRICE": "214.28"}], ["2025-01-03", "SFO", "LAS", {"VALID": true, "PRICE": "67.08"}], ["2025-01-04", "LAS", "CUN", {"VALID": true, "PRICE": "181.09"}], ["2025-01-02", "NYC", "LAS", {"VALID": true, "PRICE": "134.80"}], ["2025-01-03", "LAS", "CUN", {"VALID": true, "PRICE": "181.09"}], ["2025-01-04", "CUN", "SFO", {"VALID": true, "PRICE": "244.31"}], ["2025-01-03", "LAS", "SFO", {"VALID": true, "PRICE": "67.08"}], ["2025-01-04", "SFO", "CUN", {"VALID": true, "PRICE": "204.46"}], ["2025-01-01", "GIG", "SFO", {"VALID": true, "PRICE": "503.65"}], ["2025-01-02", "SFO", "CUN", {"VALID": true, "PRICE": "204.46"}], ["2025-01-03", "CUN", "NYC", {"VALID": true, "PRICE": "156.04"}], ["2025-01-04", "NYC", "LAS", {"VALID": true, "PRICE": "97.18"}], ["2025-01-03", "CUN", "LAS", {"VALID": true, "PRICE": "214.28"}], ["2025-01-04", "LAS", "NYC", {"VALID": true, "PRICE": "84.74"}], ["2025-01-02", "SFO", "NYC", {"VALID": true, "PRICE": "142.79"}], ["2025-01-03", "NYC", "CUN", {"VALID": true, "PRICE": "119.75"}], ["2025-01-04", "CUN", "LAS", {"VALID": true, "PRICE": "214.28"}], ["2025-01-03", "NYC", "LAS", {"VALID": true, "PRICE": "84.74"}], ["2025-01-04", "LAS", "CUN", {"VALID": true, "PRICE": "181.09"}], ["2025-01-02", "SFO", "LAS", {"VALID": true, "PRICE": "123.44"}], ["2025-01-03", "LAS", "CUN", {"VALID": true, "PRICE": "181.09"}], ["2025-01-04", "CUN", "NYC", {"VALID": true, "PRICE": "156.04"}], ["2025-01-03", "LAS", "NYC", {"VALID": true, "PRICE": "84.74"}], ["2025-01-04", "NYC", "CUN", {"VALID": true, "PRICE": "125.09"}], ["2025-01-01", "GIG", "LAS", {"VALID": true, "PRICE": "496.65"}], ["2025-01-02", "LAS", "CUN", {"VALID": true, "PRICE": "204.46"}], ["2025-01-03", "CUN", "NYC", {"VALID": true, "PRICE": "156.04"}], ["2025-01-04", "NYC", "SFO", {"VALID": true, "PRICE": "84.74"}], ["2025-01-03", "CUN", "SFO", {"VALID": true, "PRICE": "244.31"}], ["2025-01-04", "SFO", "NYC", {"VALID": true, "PRICE": "84.74"}], ["2025-01-02", "LAS", "NYC", {"VALID": true, "PRICE": "134.80"}], ["2025-01-03", "NYC", "CUN", {"VALID": true, "PRICE": "119.75"}], ["2025-01-04", "CUN", "SFO", {"VALID": true, "PRICE": "244.31"}], ["2025-01-03", "NYC", "SFO", {"VALID": true, "PRICE": "84.74"}], ["2025-01-04", "SFO", "CUN", {"VALID": true, "PRICE": "204.46"}], ["2025-01-02", "LAS", "SFO", {"VALID": true, "PRICE": "123.44"}], ["2025-01-03", "SFO", "CUN", {"VALID": true, "PRICE": "204.46"}], ["2025-01-04", "CUN", "NYC", {"VALID": true, "PRICE": "156.04"}], ["2025-01-03", "SFO", "NYC", {"VALID": true, "PRICE": "84.74"}], ["2025-01-04", "NYC", "CUN", {"VALID": true, "PRICE": "125.09"}], ["2025-01-04", "CUN", "GIG", {"VALID": true, "PRICE": "449.12"}], ["2025-01-04", "NYC", "GIG", {"VALID": true, "PRICE": "503.22"}], ["2025-01-04", "SFO", "GIG", {"VALID": true, "PRICE": "773.17"}], ["2025-01-04", "LAS", "GIG", {"VALID": true, "PRICE": "568.79"}]]